Nome,Sobrenome,Ligacao,ChamadaVideo,Categoria,ValorDaEntrada,RedeSocial,Telefone,Aniversario
<<<<<<< HEAD
Maria,Eduarda,false,false,Pessoal,Email,Email,(83)99141-5847,18/08/2004
=======
Maria,Eduarda,false,false,Pessoal,eduarda@gmail.com,Email,(83)99141-5847,12/12/1212
>>>>>>> 714a8dd4dd4afe3cabc3e1c86b3cfb0f7508ef2e
Maria,Eduarda,false,false,Pessoal,Email,Email,(83)99141-5847,18/08/2004u
Ana,ANa,false,false,Pessoal,uma@uma,Email,(83)88888-8888,33/33/3333
Helo√≠sa,Galdino,false,false,Favoritos,@helo_gatinha,Instagram,(87)98765-1927,30/12/20kk
Teste1,ee,true,true,Favoritos,,WhatsApp,(11)11111-1111,09/09/0909
dkdk,djdd,true,true,Pessoal,,WhatsApp,(87)86485-4657,34/34/3434
AAAAAAAA,AADDDDDDD,true,false,Pessoal,udb,Email,(99)25443-3544,12/12/1212
Suemilton,blabla,false,false,Trabalho,WhatsApp,Instagram,(87)86485-4444,34/34/3434
Josefa,ajsfkaj,false,false,Trabalho,hrtiurth,Email,(83)33993-0000,33/33/3333
Maria,souto,false,false,Pessoal,Email,Email,(83)99141-5847,18/08/2004
Josezinho,tantan,false,false,Pessoal,manda,Email,(83)88334-0000,44/55/7766
